{
  "scale": 1,
  "order": [ "07_viscore/07_viscore", 	"8_9_11/08/08", 	"8_9_11/09_viscore/09_viscore", 	"8_9_11/11_viscore_/11_viscore_" ],
  "d": {
    "07_viscore/07_viscore": {
      "c": {
        "a": [ 1, 	0.9959999999999999, 	1 ],
        "b": [ 1, 	1, 	1 ],
        "s": 1,
        "n": "T:\\mexico_sagitario_la_mina\\from-sam-jun2018\\output\\alingment\\07_viscore/07_viscore-1.xml"
      },
      "m": [ 
        [ 1, 	0, 	0, 	0 ], 	
        [ 0, 	1, 	0, 	0 ], 	
        [ 0, 	0, 	1, 	0 ], 	
        [ 0, 	0, 	0, 	1 ] ]
    },
    "8_9_11/08/08": {
      "m": [ 
        [ 1, 	0, 	0, 	0 ], 	
        [ 0, 	1, 	0, 	0 ], 	
        [ 0, 	0, 	1, 	0 ], 	
        [ 0, 	0, 	0, 	1 ] ],
      "c": {
        "a": [ 1, 	1, 	1 ],
        "b": [ 1, 	1, 	1 ],
        "s": 1,
        "n": "T:\\mexico_sagitario_la_mina\\from-sam-jun2018\\output\\alingment\\8_9_11/08/08-1.xml"
      }
    },
    "8_9_11/09_viscore/09_viscore": {
      "m": [ 
        [ 0.30095412318262404, 	-0.5346384030983014, 	0.6035318605273422, 	-9.173095516493444 ], 	
        [ 0.1080365440746415, 	0.6651352703494412, 	0.5353368007912712, 	-0.7320541837493726 ], 	
        [ -0.7990100336563108, 	-0.11144129876071554, 	0.2997100532961125, 	1.8211953199490216 ], 	
        [ 0, 	0, 	0, 	1 ] ],
      "c": {
        "a": [ 1, 	1.2000000000000002, 	1.3000000000000003 ],
        "b": [ 1, 	1, 	1 ],
        "s": 1,
        "n": "T:\\mexico_sagitario_la_mina\\from-sam-jun2018\\output\\alingment\\8_9_11/09_viscore/09_viscore-1.xml"
      }
    },
    "8_9_11/11_viscore/11_viscore": {
      "m": [ 
        [ 0.28513959343110323, 	-0.06474816597658169, 	-0.06508926341610023, 	-29.922268380570923 ], 	
        [ 0.07863806792676478, 	0.28184706084767247, 	0.06412342407972903, 	-10.003018463639398 ], 	
        [ 0.047381341075648176, 	-0.07812447917031201, 	0.2852807375615748, 	-19.152618323810174 ], 	
        [ 0, 	0, 	0, 	1 ] ],
      "c": {
        "a": [ 1, 	1, 	1 ],
        "b": [ 1, 	1, 	1 ],
        "s": 1,
        "n": "T:\\mexico_sagitario_la_mina\\from-sam-jun2018\\output\\alingment\\8_9_11/11_viscore/11_viscore-1.xml"
      }
    },
    "8_9_11/11_viscore_/11_viscore_": {
      "m": [ 
        [ 1.6201551114120003, 	-0.2149352337696795, 	0.030351063621465325, 	-32.54376797378964 ], 	
        [ 0.13622023679486542, 	1.1846873914705007, 	1.1180238430178333, 	-0.055538563929388614 ], 	
        [ -0.16900466072740886, 	-1.105595958961417, 	1.192108728742728, 	-1.6478267121215635 ], 	
        [ 0, 	0, 	0, 	1 ] ],
      "c": {
        "a": [ 1, 	0.9999999999999999, 	0.9999999999999999 ],
        "b": [ 1, 	1, 	1 ],
        "s": 1.0000000000000009,
        "n": "T:\\mexico_sagitario_la_mina\\from-sam-jun2018\\output\\alingment\\8_9_11/11_viscore_/11_viscore_-1.xml"
      }
    }
  }
}